ID;Nom_Fondation;Groupe_Parent;Priorite;Thematiques_Cibles;Nom_Contact;Poste_Contact;Email_Contact;Site_Web;Lien_Depot_AAP;Ticket_Moyen_Estime;Type_Approche;Angle_Pitch_Ambition_Campus;Statut_Prospection;Notes_Action
FOND-01;Fondation CANAL+ / Groupe Bolloré;Groupe Canal+ / Bolloré SE;Tier 1 - Piste Chaude;Égalité des chances, Insertion jeunes, Accès culture & médias;Marine Schenfele;Déléguée Générale Fondation Canal+;fondation@canal-plus.com / mecenat@bollore.com;https://www.canalplusgroup.com/fr/groupe/nos-engagements;Recommandation directe via équipe Canal+ (Contact chaud);15 000 € - 30 000 €;Outreach recommandé (Email direct citant l'introducteur Canal+);Partenariat 17 ans, 500+ jeunes QPV propulsés vers les filières sélectives, ROI social 1€=5,30€.;À contacter en priorité (Email prêt);Envoyer le template d'email Bolloré avec la plaquette A4 en pièce jointe.
FOND-02;Fondation Solidarité PwC France;PwC France et Maghreb;Tier 1 - Piste Chaude;Égalité des chances, Éducation, Insertion économique & sociale;Adélaïde de Tourtier / Candice Galopeau;Directrice RSE & Déléguée Fondation / Resp. Engagement Sociétal;via pwc.fr/fr/fondation.html (ou prenom.nom@pwc.com);https://www.pwc.fr/fr/fondation.html;Contact direct partenariats existants;10 000 € - 20 000 €;Upgrade de partenariat (Collaborateurs PwC déjà jurys aux oraux blancs);Transformer leur implication de jury bénévole en mécénat financier officiel annuel.;À contacter en priorité;Proposer une convention annuelle de mécénat avec accueil d'une masterclass dans leurs locaux.
FOND-03;Fondation Deloitte France;Deloitte France;Tier 1 - Piste Chaude;Éducation en zones prioritaires (ZEP/REP), Égalité des chances, Employabilité;Direction de l'Engagement / Pôle Attractivité;Responsable Mécénat Éducation & RSE;frpoleattractivite@deloitte.fr;https://www2.deloitte.com/fr/fr/pages/about-deloitte/articles/fondation-deloitte.html;Prix de la Fondation Deloitte & Contact direct partenariats;10 000 € - 20 000 €;Upgrade de partenariat (Collaborateurs Deloitte déjà jurys);Pérennisation du pôle oraux blancs (210+ simulations) et bourses de mobilité.;À contacter en priorité;Cibler le responsable mécénat éducation à la Tour Majunga / La Défense.
FOND-04;Direction Engagement Citoyen KPMG;KPMG France (Entreprise à Mission);Tier 1 - Piste Chaude;Éducation, Égalité des chances (« Les Lycées de la Réussite »), Insertion;Direction de l'Engagement Citoyen;Directeur / Chargé de mission RSE & Mécénat;contact via Tour Eqho (ou prenom.nom@kpmg.fr);https://kpmg.com/fr/fr/about/engagement-citoyen.html;Programme Les Lycées de la Réussite (synergie directe);10 000 € - 15 000 €;Upgrade de partenariat (Collaborateurs KPMG déjà jurys);Alignement total avec leur programme « Les Lycées de la Réussite » et les 36 lycées conventionnés.;À contacter en priorité;Solliciter un call de 15 minutes avec le pôle Engagement Citoyen.
FOND-05;Fondation d'Entreprise EY France;EY France (Ernst & Young);Tier 1 - Piste Chaude;Insertion par la formation, égalité des chances, mécénat de compétences;Fabienne Marqueste / Orane Tribouley;Déléguée Générale / Resp. accompagnement projets;via http://www.fondation-ey.com (prenom.nom@fr.ey.com);http://www.fondation-ey.com;Formulaire de candidature et contact direct;8 000 € - 15 000 €;Upgrade de partenariat (Collaborateurs EY déjà jurys);Co-financement des ateliers de prise de parole et préparation aux concours sélectifs.;À contacter en priorité;Prendre contact avec Orane Tribouley à la Tour First (Paris La Défense).
FOND-06;Fondation BNP Paribas (Projet Banlieues);BNP Paribas;Tier 2 - Grand Donateur;Quartiers Prioritaires (QPV), Éducation, Insertion des jeunes;Isabelle Giordano;Déléguée Générale Fondation BNP Paribas;via https://projet-banlieues.fondation.bnpparibas/fr/;https://fondation.bnpparibas;https://projet-banlieues.fondation.bnpparibas/fr/ (Campagne annuelle Jan-Mars);15 000 € - 30 000 €;Candidature AAP officiel + Contact institutionnel;Ancrage exclusif en QPV/REP depuis 17 ans, +500 lycéens accompagnés, 100% bénévole.;À préparer pour la prochaine session AAP;Préparer le dossier avec les statuts, bilan comptable et attestation d'intérêt général.
FOND-07;Fondation Société Générale (« C'est vous l'avenir »);Société Générale;Tier 2 - Grand Donateur;Éducation, Savoirs fondamentaux, Insertion professionnelle des jeunes <30 ans;Albane Rouvillois;Déléguée Générale & Directrice Mécénat;Fondation-SocieteGenerale@socgen.com;https://fondation.societegenerale.com;https://submit.fondation.societegenerale.com/fr;15 000 € - 35 000 €;Dépôt de dossier plateforme + Email d'accroche;Insertion par l'excellence académique : 21 admis Sciences Po, 17 Sorbonne, 13 Prépas.;À contacter;Envoyer un email d'introduction à Fondation-SocieteGenerale@socgen.com.
FOND-08;Fonds MAIF pour l'Éducation;MAIF;Tier 2 - Grand Donateur;Éducation, Inclusion, Émancipation des publics vulnérables, Égalité des chances;Secrétariat Général du Fonds MAIF;Responsable des Appels à Projets Éducation;fondsmaif@maif.fr;https://fonds-maif-education.fr;https://fonds-maif-education.fr/appels-a-projets;5 000 € - 15 000 €;Candidature AAP annuel (prix départementaux & nationaux);Lutte contre le déterminisme social et émancipation intellectuelle des lycéens REP.;À contacter;Candidater sur le volet Île-de-France et antenne Poitiers (proximité siège Niort).
FOND-09;Fondation d'Entreprise Banque Populaire / BPCE;Groupe BPCE (Banque Populaire / Caisse d'Épargne);Tier 2 - Grand Donateur;Projets de vie, Parcours d'audace, Insertion des jeunes;Martine Tremblay / Léonard Barbu;Directrice Mécénat / Chargé de projets;martine.tremblay@fnbp.banquepopulaire.fr;https://www.fondationbanquepopulaire.fr;https://www.fondationbanquepopulaire.fr/deposer-un-projet/;10 000 € - 20 000 €;Email direct + Dépôt de candidature;Révéler l'audace et briser le plafond de verre des lycéens issus des quartiers.;À contacter;Prendre contact avec l'équipe mécénat à Paris 13e.
FOND-10;Fonds AXA pour le Progrès Humain & AXA Atout Cœur;AXA France;Tier 2 - Grand Donateur;Inclusion sociale, Éducation, Égalité des chances QPV;Direction Mécénat AXA France;Responsable Partenariats Associatifs;via https://www.axa.fr/engagements/axa-atout-coeur.html;https://www.axa.com/fr/le-fonds-axa-pour-le-progres-humain;Plateforme partenariats associatifs AXA;10 000 € - 25 000 €;Mécénat financier + Mobilisation de mentors AXA;Coût de 35 €/jeune et impact mesuré : ratio 1€ investi = 5,30€ de valeur terrain.;À contacter;Proposer une convention de soutien financier couplée au bénévolat AXA Atout Cœur.
FOND-11;Fondation TotalEnergies;TotalEnergies SE;Tier 2 - Grand Donateur;Éducation, Insertion des jeunes vulnérables, Égalité des chances;Jacques-Emmanuel Saulnier;Délégué Général Fondation TotalEnergies;via https://fondation.totalenergies.com (01 47 44 45 46);https://fondation.totalenergies.com;https://fondation.totalenergies.com/fr/candidater (Plateforme annuelle);20 000 € - 50 000 €;Candidature AAP national / territorial + Contact institutionnel;Grande échelle : 500+ lycéens/an, 36 lycées conventionnés sur 4 régions françaises.;À contacter;Surveiller l'ouverture du prochain AAP national ou déposer une demande spontanée.
FOND-12;Fondation Groupe SNCF;SNCF;Tier 3 - Partenaire Institutionnel;Insertion des jeunes, Réussite éducative, Construction de parcours de vie;Laetitia Gourbeille;Déléguée Générale Fondation Groupe SNCF;fondation@sncf.fr;https://www.fondation-sncf.org;Dispositif Coups de Cœur Citoyens & Partenariats pluriannuels;10 000 € - 25 000 €;Email direct de prise de contact institutionnelle;Accompagnement dans la durée (mentorat sur 1 à 3 ans) et présence territoriale (Paris, Reims, Poitiers, Menton).;À contacter;Envoyer une présentation synthétique à fondation@sncf.fr.
FOND-13;Fondation Groupe RATP;Groupe RATP;Tier 3 - Partenaire Institutionnel;Insertion sociale, Éducation, Égalité des chances en Île-de-France;Direction de la Fondation Groupe RATP;Secrétaire Général & Responsables Mécénat;via https://www.ratp.fr/groupe-ratp/fondation-groupe-ratp;https://www.ratp.fr/groupe-ratp/fondation-groupe-ratp;Appels à projets thématiques annuels Île-de-France;10 000 € - 20 000 €;Candidature AAP + Approche territoriale francilienne;Forte implantation francilienne (445 binômes actifs dans les départements 75, 92, 93, 94).;À contacter;Positionner le dossier sur la mobilité sociale et l'accès aux études supérieures.
FOND-14;Fondation Groupe ADP (Aéroports de Paris);Groupe ADP;Tier 3 - Partenaire Institutionnel;Éducation, Prévention du décrochage, Insertion jeunes en Île-de-France;Direction RSE & Mécénat Groupe ADP;Responsable des Partenariats Mécénat;via https://www.parisaeroport.fr/groupe/rse/fondation;https://www.parisaeroport.fr;Appels à projets annuels (Ouverture Janvier-Mars);10 000 € - 20 000 €;Candidature AAP sur les territoires 93/94/95 proches aéroports;Accompagnement intensif des lycées situés sur les bassins Roissy / Orly.;À contacter;Cibler les lycées conventionnés situés à proximité des plateformes aéroportuaires.
FOND-15;Fondation Orange;Orange;Tier 3 - Télécoms & Tech;Éducation numérique, Insertion des jeunes et des femmes, Tiers-Lieux Solidaires;Direction de la Fondation Orange;Responsable Programmes Éducation & Insertion;via https://www.fondationorange.com/fr/nous-contacter;https://www.fondationorange.com;https://www.fondationorange.com/fr/candidater (Plateforme AAP);15 000 € - 30 000 €;Candidature AAP + Mécénat de compétences;Digitalisation des oraux blancs et accès aux outils d'orientation pour lycéens REP.;À contacter;Contacter l'antenne régionale Île-de-France à Issy-les-Moulineaux (111 quai Roosevelt).
FOND-16;Fondation Free (Groupe Iliad);Iliad / Free;Tier 3 - Télécoms & Tech;Inclusion numérique, Émancipation, Égalité des chances par l'éducation;Direction de la Fondation Free;Responsable Mécénat & Projets;via https://www.iliad.fr/fr/engagements/fondation-free;https://www.iliad.fr/fr/engagements/fondation-free;Appels à projets réguliers sur la plateforme Iliad;10 000 € - 20 000 €;Dépôt AAP + Mise en avant de l'audace et de l'anticonformisme;Briser les codes : « Rendre la pareille, c'est notre identité », modèle 100% bénévole.;À contacter;Valoriser le lien avec l'esprit d'émancipation de l'École 42 / Station F (lieux de visite).
FOND-17;Fondation ENGIE;ENGIE;Tier 3 - Énergie & Climat;Inclusion de la jeunesse, Éducation, Égalité des chances, Emploi;Direction Mécénat ENGIE;Responsable des Projets Jeunesse;via https://projets.fondation-engie.com/;https://projets.fondation-engie.com;https://projets.fondation-engie.com/ (Plateforme de dépôt en continu);10 000 € - 25 000 €;Dépôt direct sur portail officiel;Impact mesurable et systémique : 17 ans de recul, note de satisfaction 9,2/10.;À contacter;Créer un compte sur le portail projets.fondation-engie.com et soumettre le projet.
FOND-18;Fondation Francis Bouygues;Groupe Bouygues;Tier 3 - Grand Groupe;Bourses d'excellence, Parrainage de bacheliers méritants de milieux modestes;Direction de la Fondation Francis Bouygues;Délégué Général & Responsable Bourses;fondationfrancisbouygues@bouygues.com (01 44 20 11 00);https://www.fondationfrancisbouygues.com;Contact direct partenariats associatifs;10 000 € - 25 000 €;Partenariat de sourcing bourses + Soutien financier;Ambition Campus prépare et coache les bacheliers qui intègrent les filières d'excellence (Sciences Po, CPGE).;À contacter;Proposer un partenariat passerelle pour flécher les lycéens admis vers leurs bourses d'études.
FOND-19;Fondation TF1;Groupe TF1 (Bouygues);Tier 3 - Médias;Égalité des chances, Diversité dans les médias, Prise de parole & Éloquence;Direction RSE & Fondation TF1;Responsable Fondation TF1;fondationtf1@tf1.fr;https://groupe-tf1.fr/fr/engagements-rse/notre-fondation;Contact direct partenariats;8 000 € - 15 000 €;Mécénat financier + Parrainage du concours annuel d'éloquence;Ateliers d'art oratoire (Ethos/Pathos/Logos), AC Décrypte et documentaire « Mérite sous condition ».;À contacter;Proposer à TF1 de parrainer la finale du concours d'éloquence et de composer le jury.
FOND-20;Fondation FDJ (FDJ United);La Française des Jeux (FDJ);Tier 3 - Grand Groupe;Égalité des chances par le jeu et l'éducation, Insertion des publics vulnérables;Direction de la Fondation FDJ;Responsable Mécénat & Appels à Projets;fondation@fdjunited.com;https://www.fdjunited.com;https://www.fdjunited.com (Appels à projets thématiques annuels);15 000 € - 30 000 €;Candidature AAP + Email d'accroche;Pédagogie active et émancipation : ateliers oraux blancs ludifiés, simulations d'entretiens.;À contacter;Surveiller les dates du prochain appel à projets Égalité des chances FDJ.
FOND-21;Fondation AlphaOmega;Venture Philanthropy France;Tier 4 - Venture Philanthropy;Réussite scolaire, Lutte contre le décrochage, Égalité des chances (Changement d'échelle);Équipe Investissement & Partenariats;Directeur des Investissements Philanthropiques;via https://www.alphaomega-fondation.org;https://www.alphaomega-fondation.org;Candidature partenariats pluriannuels;25 000 € - 75 000 €;Dossier stratégique de changement d'échelle;Modèle d'accompagnement éprouvé (17 ans), 525 binômes actifs, fort potentiel d'expansion nationale.;À préparer pour échange stratégique;Préparer un pitch d'expansion nationale sur le modèle du Social ROI.
FOND-22;Break Poverty Foundation;Fondation Reconnue d'Utilité Publique;Tier 4 - Philanthropie d'Impact;Prévention de la pauvreté, Mentorat, Accompagnement à l'orientation et à l'insertion;Équipe Projets & Partenariats;Responsable des Programmes Territoires Zéro Décrochage;contact@breakpoverty.com (01 85 76 50 50);https://www.breakpoverty.com;Programmes territoriaux d'insertion;15 000 € - 35 000 €;Prise de contact institutionnelle (Siège : 81 rue de Lille, Paris 7e);Mentorat individuel de 500+ jeunes en milieu populaire comme bouclier contre l'autocensure.;À contacter;Contacter l'équipe partenariats par email et téléphone.
FOND-23;Fondation FACE (Agir Contre l'Exclusion);Fondation Reconnue d'Utilité Publique;Tier 4 - Réseau Entreprises & QPV;Lutte contre l'exclusion, Égalité des chances, Insertion en QPV;Direction des Partenariats Nationaux;Responsable Projets Éducation & Territoires;contact@fondationface.org;https://www.fondationface.org;Concours « S'engager pour les Quartiers » & Appels à projets;10 000 € - 20 000 €;Candidature concours quartiers + conventionnement réseau;Impact direct dans les quartiers prioritaires : 36 lycées REP, 75 mentors engagés.;À contacter;Candidater au concours annuel « S'engager pour les Quartiers » de la Fondation FACE.
FOND-24;Fondation de France (Programme Éducation);1er Réseau Philanthropique de France;Tier 4 - Réseau Fondations;Éducation, Enfance, Émancipation des jeunes, Lutte contre le déterminisme;Département Philanthropie & Mécénat;Responsable du Programme Enfance / Éducation;donateurs@fdf.org / via plateforme officielle;https://www.fondationdefrance.org;https://www.fondationdefrance.org/fr/trouver-un-financement;10 000 € - 30 000 €;Candidature aux AAP thématiques Éducation & Jeunesse;Action continue sur le terrain depuis 2008, 100% bénévole, transparence financière totale.;À contacter;Identifier l'AAP annuel « Éducation » et soumettre le projet de rentrée.
FOND-25;Fondation L'Oréal;L'Oréal;Tier 4 - Grand Donateur;Émancipation, Accès à l'éducation supérieure, Bourses d'excellence;Direction de la Fondation L'Oréal;Responsable Programmes Éducation & Inclusion;fondation.loreal@loreal.com (01 47 56 70 00);https://www.fondationloreal.com;Contact direct partenariats d'émancipation;15 000 € - 30 000 €;Email d'accroche direct sur l'émancipation des lycéennes de QPV;Forte proportion de lycéennes accompagnées accédant aux prépas et grandes écoles (Sciences Po, Assas, Sorbonne).;À contacter;Adresser une proposition de parrainage de promotion à fondation.loreal@loreal.com.
FOND-26;Fondation Decathlon;Decathlon;Tier 4 - Grand Donateur;Inclusion sociale, Éducation, Émancipation des jeunes vulnérables;Marie Pinel / Thomas Dumortier;Leader France / Chef de projet impact social;marie.pinel@decathlon.com / thomas.dumortier@decathlon.com;https://www.fondationdecathlon.com;Candidature partenariats locaux et nationaux;8 000 € - 18 000 €;Email direct aux responsables d'impact social;Posture, confiance en soi et dépassement personnel à travers l'éloquence et les concours.;À contacter;Envoyer un email d'approche à Marie Pinel et Thomas Dumortier.
